Region,Province_Prefecture,Annee,Ventes_Electricite_Mm_KWh
Tanger - Tétouan - Al Hoceima,Tanger - Tétouan - Al Hoceima,2023,4027.4006
Tanger - Tétouan - Al Hoceima,Tanger - Tétouan - Al Hoceima,2022,4005.2577
Tanger - Tétouan - Al Hoceima,Al Hoceima,2023,214.8958
Tanger - Tétouan - Al Hoceima,Al Hoceima,2022,206.7598
Tanger - Tétouan - Al Hoceima,Chefchaouen,2023,103.7691
Tanger - Tétouan - Al Hoceima,Chefchaouen,2022,99.5204
Tanger - Tétouan - Al Hoceima,Fahs-Anjra,2023,340.2508
Tanger - Tétouan - Al Hoceima,Fahs-Anjra,2022,317.3072
Tanger - Tétouan - Al Hoceima,Larache,2023,448.5349
Tanger - Tétouan - Al Hoceima,Larache,2022,448.6439
Tanger - Tétouan - Al Hoceima,Ouezzane,2023,92.2047
Tanger - Tétouan - Al Hoceima,Ouezzane,2022,90.5828
Tanger - Tétouan - Al Hoceima,Tanger-Assilah,2023,1953.4053
Tanger - Tétouan - Al Hoceima,Tanger-Assilah,2022,1976.1778
Tanger - Tétouan - Al Hoceima,Tétouan,2023,732.0482
Tanger - Tétouan - Al Hoceima,Tétouan,2022,724.3549
Tanger - Tétouan - Al Hoceima,M'Diq-Fnideq,2023,142.2919
Tanger - Tétouan - Al Hoceima,M'Diq-Fnideq,2022,141.9109
L'Oriental,L'Oriental,2023,1800.0324
L'Oriental,L'Oriental,2022,1758.5535
L'Oriental,Berkane,2023,274.6019
L'Oriental,Berkane,2022,267.2889
L'Oriental,Driouch,2023,117.0205
L'Oriental,Driouch,2022,115.39
L'Oriental,Figuig,2023,58.6137
L'Oriental,Figuig,2022,56.2193
L'Oriental,Guercif,2023,88.5016
L'Oriental,Guercif,2022,89.3277
L'Oriental,Jerada,2023,52.564
L'Oriental,Jerada,2022,56.5615
L'Oriental,Nador,2023,565.4339
L'Oriental,Nador,2022,538.467
L'Oriental,Oujda-Angad,2023,494.4226
L'Oriental,Oujda-Angad,2022,484.5928
L'Oriental,Taourirt,2023,148.8741
L'Oriental,Taourirt,2022,150.7065
Fès - Meknès,Fès - Meknès,2023,3081.0883
Fès - Meknès,Fès - Meknès,2022,3008.5977
Fès - Meknès,Meknès,2023,783.2703
Fès - Meknès,Meknès,2022,770.9341
Fès - Meknès,Boulemane,2023,75.6329
Fès - Meknès,Boulemane,2022,73.9539
Fès - Meknès,El Hajeb,2023,243.9608
Fès - Meknès,El Hajeb,2022,241.057
Fès - Meknès,Fès,2023,1147.72
Fès - Meknès,Fès,2022,1116.9916
Fès - Meknès,Ifrane,2023,131.0124
Fès - Meknès,Ifrane,2022,129.9303
Fès - Meknès,Sefrou,2023,192.7096
Fès - Meknès,Sefrou,2022,191.816
Fès - Meknès,Taounate,2023,184.877
Fès - Meknès,Taounate,2022,168.5277
Fès - Meknès,Taza,2023,230.3466
Fès - Meknès,Taza,2022,231.0192
Fès - Meknès,Moulay Yacoub,2023,91.5587
Fès - Meknès,Moulay Yacoub,2022,84.368
Rabat - Salé - Kénitra,Rabat - Salé - Kénitra,2023,4813.0417
Rabat - Salé - Kénitra,Rabat - Salé - Kénitra,2022,4694.4205
Rabat - Salé - Kénitra,Kénitra,2023,1223.7619
Rabat - Salé - Kénitra,Kénitra,2022,1152.4573
Rabat - Salé - Kénitra,Khémisset,2023,336.5698
Rabat - Salé - Kénitra,Khémisset,2022,326.0522
Rabat - Salé - Kénitra,Rabat,2023,1015.4056
Rabat - Salé - Kénitra,Rabat,2022,811.8492
Rabat - Salé - Kénitra,Salé,2023,645.1881
Rabat - Salé - Kénitra,Salé,2022,752.6309
Rabat - Salé - Kénitra,Sidi Kacem,2023,232.461
Rabat - Salé - Kénitra,Sidi Kacem,2022,236.5129
Rabat - Salé - Kénitra,Sidi Slimane,2023,162.2442
Rabat - Salé - Kénitra,Sidi Slimane,2022,199.4888
Rabat - Salé - Kénitra,Skhirate-Témara,2023,1197.411
Rabat - Salé - Kénitra,Skhirate-Témara,2022,1215.4293
Béni Mellal - Khénifra,Béni  Mellal - Khénifra,2023,1852.2548
Béni Mellal - Khénifra,Béni  Mellal - Khénifra,2022,1879.7243
Béni Mellal - Khénifra,Azilal,2023,165.4869
Béni Mellal - Khénifra,Azilal,2022,166.2548
Béni Mellal - Khénifra,Béni  Mellal,2023,431.6746
Béni Mellal - Khénifra,Béni  Mellal,2022,425.456
Béni Mellal - Khénifra,Fquih Ben Salah,2023,348.1423
Béni Mellal - Khénifra,Fquih Ben Salah,2022,330.9195
Béni Mellal - Khénifra,Khénifra,2023,198.0656
Béni Mellal - Khénifra,Khénifra,2022,195.9024
Béni Mellal - Khénifra,Khouribga,2023,708.8855
Béni Mellal - Khénifra,Khouribga,2022,761.1915
Casablanca - Settat,Casablanca- Settat,2023,10076.015
Casablanca - Settat,Casablanca- Settat,2022,9782.6838
Casablanca - Settat,Benslimane,2023,207.5319
Casablanca - Settat,Benslimane,2022,183.0519
Casablanca - Settat,Berrechid,2023,838.4191
Casablanca - Settat,Berrechid,2022,793.095
Casablanca - Settat,Casablanca,2023,4845.0963
Casablanca - Settat,Casablanca,2022,4897.4118
Casablanca - Settat,El Jadida,2023,1474.1373
Casablanca - Settat,El Jadida,2022,1237.2516
Casablanca - Settat,Médiouna,2023,454.4731
Casablanca - Settat,Médiouna,2022,510.1341
Casablanca - Settat,Mohammadia,2023,397.8114
Casablanca - Settat,Mohammadia,2022,383.4425
Casablanca - Settat,Nouaceur,2023,1055.5026
Casablanca - Settat,Nouaceur,2022,977.5535
Casablanca - Settat,Settat,2023,643.6151
Casablanca - Settat,Settat,2022,641.6517
Casablanca - Settat,Sidi Bennour,2023,159.4282
Casablanca - Settat,Sidi Bennour,2022,159.0916
Marrakech - Safi,Marrakech - Safi,2023,3961.3734
Marrakech - Safi,Marrakech - Safi,2022,3739.8498
Marrakech - Safi,Al Haouz,2023,302.1515
Marrakech - Safi,Al Haouz,2022,289.2213
Marrakech - Safi,Chichaoua,2023,193.0626
Marrakech - Safi,Chichaoua,2022,183.5062
Marrakech - Safi,El Kelâa des Sraghna,2023,241.1044
Marrakech - Safi,El Kelâa des Sraghna,2022,238.5188
Marrakech - Safi,Essaouira,2023,174.5274
Marrakech - Safi,Essaouira,2022,167.2324
Marrakech - Safi,Marrakech,2023,2066.2926
Marrakech - Safi,Marrakech,2022,1929.0426
Marrakech - Safi,Rehamna,2023,288.2377
Marrakech - Safi,Rehamna,2022,257.1907
Marrakech - Safi,Safi,2023,597.4526
Marrakech - Safi,Safi,2022,574.8419
Marrakech - Safi,Youssoufia,2023,98.5447
Marrakech - Safi,Youssoufia,2022,100.2959
Drâa - Tafilalet,Drâa- Tafilalet,2023,872.4682
Drâa - Tafilalet,Drâa- Tafilalet,2022,857.5506
Drâa - Tafilalet,Errachidia,2023,242.28
Drâa - Tafilalet,Errachidia,2022,228.5798
Drâa - Tafilalet,Midelt,2023,138.7034
Drâa - Tafilalet,Midelt,2022,141.4772
Drâa - Tafilalet,Ouarzazate,2023,168.7096
Drâa - Tafilalet,Ouarzazate,2022,170.2913
Drâa - Tafilalet,Tinghir,2023,170.0043
Drâa - Tafilalet,Tinghir,2022,170.9209
Drâa - Tafilalet,Zagora,2023,152.771
Drâa - Tafilalet,Zagora,2022,146.2814
Souss - Massa,Souss - Massa,2023,3046.3386
Souss - Massa,Souss - Massa,2022,2878.8405
Souss - Massa,Agadir-Ida-Ou-Tanane,2023,726.9109
Souss - Massa,Agadir-Ida-Ou-Tanane,2022,691.4107
Souss - Massa,Chtouka-Aït Baha,2023,476.9692
Souss - Massa,Chtouka-Aït Baha,2022,483.9812
Souss - Massa,Inezgane-Aït Melloul,2023,504.9847
Souss - Massa,Inezgane-Aït Melloul,2022,503.2158
Souss - Massa,Taroudant,2023,922.084
Souss - Massa,Taroudant,2022,892.6199
Souss - Massa,Tata,2023,50.3075
Souss - Massa,Tata,2022,50.8722
Souss - Massa,Tiznit,2023,365.0822
Souss - Massa,Tiznit,2022,256.7407
Guelmim - Oued Noun,Guelmim - Oued Noun,2023,255.0564
Guelmim - Oued Noun,Guelmim - Oued Noun,2022,258.3963
Guelmim - Oued Noun,Assa-Zag,2023,13.1118
Guelmim - Oued Noun,Assa-Zag,2022,13.6153
Guelmim - Oued Noun,Guelmim,2023,114.0107
Guelmim - Oued Noun,Guelmim,2022,115.4998
Guelmim - Oued Noun,Sidi Ifni,2023,45.727
Guelmim - Oued Noun,Sidi Ifni,2022,44.7165
Guelmim - Oued Noun,Tan-Tan,2023,82.2068
Guelmim - Oued Noun,Tan-Tan,2022,84.5646
Laâyoune - Sakia El Hamra,Laâyoune - Sakia El Hamra,2023,427.8591
Laâyoune - Sakia El Hamra,Laâyoune - Sakia El Hamra,2022,415.1832
Laâyoune - Sakia El Hamra,Boujdour,2023,49.2629
Laâyoune - Sakia El Hamra,Boujdour,2022,45.7778
Laâyoune - Sakia El Hamra,Es-Semara,2023,35.9923
Laâyoune - Sakia El Hamra,Es-Semara,2022,36.6894
Laâyoune - Sakia El Hamra,Laâyoune,2023,320.7124
Laâyoune - Sakia El Hamra,Laâyoune,2022,312.7726
Laâyoune - Sakia El Hamra,Tarfaya,2023,21.8915
Laâyoune - Sakia El Hamra,Tarfaya,2022,19.9435
Dakhla - Oued Ed-Dahab,Dakhla - Oued Ed-Dahab,2023,216.4602
Dakhla - Oued Ed-Dahab,Dakhla - Oued Ed-Dahab,2022,208.2323
Dakhla - Oued Ed-Dahab,Oued Ed-Dahab,2023,213.9924
Dakhla - Oued Ed-Dahab,Oued Ed-Dahab,2022,206.4017
Dakhla - Oued Ed-Dahab,Aousserd,2023,2.4679
Dakhla - Oued Ed-Dahab,Aousserd,2022,1.8306
