Region,Province_Prefecture,Annee,Nb_Abonnes,Ventes_Abonnes_m3k,Ventes_Regies_m3k,Production_Eau_m3k
Tanger - Tétouan - Al Hoceima,Tanger - Tétouan - Al Hoceima,2023,173885.0,20855.932,125295.487,173489.917
Tanger - Tétouan - Al Hoceima,Al Hoceima,2023,76936.0,7383.109,0.0,14775.105
Tanger - Tétouan - Al Hoceima,Chefchaouen,2023,29697.0,3165.735,0.0,4291.901
Tanger - Tétouan - Al Hoceima,Fahs-Anjra,2023,9309.0,1801.294,240.974,84950.84
Tanger - Tétouan - Al Hoceima,Larache,2023,18092.0,1818.328,9404.743,18544.971
Tanger - Tétouan - Al Hoceima,Ouezzane,2023,30917.0,3494.6,0.0,2559.9
Tanger - Tétouan - Al Hoceima,Tanger-Assilah,2023,2060.0,1517.568,80344.261,19202.727
Tanger - Tétouan - Al Hoceima,Tétouan,2023,6874.0,1654.325,19.166,21487.476
Tanger - Tétouan - Al Hoceima,M'Diq-Fnideq,2023,0.0,20.973,35286.343,7676.997
L'Oriental,L'Oriental,2023,420727.0,44971.757,16609.939,100741.20700000001
L'Oriental,Berkane,2023,111776.0,11663.489,0.0,26088.759
L'Oriental,Driouch,2023,22633.0,2161.429,0.0,186.08
L'Oriental,Figuig,2023,22548.0,2052.315,0.0,3156.269
L'Oriental,Guercif,2023,23383.0,2832.884,0.0,3886.106
L'Oriental,Jerada,2023,22157.0,2291.298,0.0,3132.215
L'Oriental,Nador,2023,156804.0,17273.508,0.0,33014.722
L'Oriental,Oujda-Angad,2023,9230.0,1336.773,9529.684,13086.65
L'Oriental,Taourirt,2023,52196.0,5360.061,7080.255,18190.406
Fès - Meknès,Fès - Meknès,2023,250238.0,31968.894,96187.50000000001,161357.125
Fès - Meknès,Meknès,2023,28784.0,2922.821,6424.484,3070.555
Fès - Meknès,Boulemane,2023,31866.0,2684.713,0.0,3851.766
Fès - Meknès,El Hajeb,2023,43771.0,4816.016,34666.453,33388.284
Fès - Meknès,Fès,2023,0.0,0.0,31545.082,52340.369
Fès - Meknès,Ifrane,2023,36165.0,4291.514,0.0,6998.668
Fès - Meknès,Sefrou,2023,26714.0,3583.972,4524.516,9718.338
Fès - Meknès,Taounate,2023,38321.0,5774.73,15114.475,36979.213
Fès - Meknès,Taza,2023,34919.0,4357.401,3912.49,12188.05
Fès - Meknès,Moulay Yacoub,2023,9698.0,3537.727,0.0,2821.882
Rabat - Salé - Kénitra,Rabat - Salé - Kénitra,2023,338428.0,38489.524,240516.33299999998,348559.691
Rabat - Salé - Kénitra,Kénitra,2023,37997.0,6021.45,15612.81,33540.944
Rabat - Salé - Kénitra,Khémisset,2023,114372.0,10820.621,0.0,17730.717
Rabat - Salé - Kénitra,Rabat,2023,0.0,678.23,224903.523,193467.941
Rabat - Salé - Kénitra,Salé,2023,792.0,594.474,0.0,0.0
Rabat - Salé - Kénitra,Sidi Kacem,2023,78304.0,8515.989,0.0,19991.033
Rabat - Salé - Kénitra,Sidi Slimane,2023,54304.0,5306.239,0.0,9581.526
Rabat - Salé - Kénitra,Skhirate-Témara,2023,52659.0,6552.521,0.0,74247.53
Béni Mellal - Khénifra,Béni  Mellal - Khénifra,2023,319450.0,62626.938,20823.665999999997,111376.655
Béni Mellal - Khénifra,Azilal,2023,46044.0,4793.634,0.0,8667.56
Béni Mellal - Khénifra,Béni  Mellal,2023,38072.0,33499.656,14636.746,66969.401
Béni Mellal - Khénifra,Fquih Ben Salah,2023,28364.0,2675.851,6186.92,17619.108
Béni Mellal - Khénifra,Khénifra,2023,82318.0,7016.85,0.0,11472.6
Béni Mellal - Khénifra,Khouribga,2023,124652.0,14640.947,0.0,6647.986
Casablanca - Settat,Casablanca- Settat,2023,206738.0,36293.257,88862.803,124649.49300000002
Casablanca - Settat,Benslimane,2023,69367.0,9713.085,0.0,5084.619
Casablanca - Settat,Berrechid,2023,64793.0,9628.961,176.246,10.0
Casablanca - Settat,El Jadida,2023,9523.0,6884.555,78953.534,111244.986
Casablanca - Settat,Sidi Bennour,2023,3622.0,1156.005,0.0,6034.663
Casablanca - Settat,Médiouna,2023,13142.0,1147.305,0.0,0.0
Casablanca - Settat,Mohammadia,2023,27281.0,5229.489,0.0,0.0
Casablanca - Settat,Settat,2023,19010.0,2533.857,9733.023,2275.225
Marrakech - Safi,Marrakech - Safi,2023,265629.0,56132.909,84646.85,162030.831
Marrakech - Safi,Al Haouz,2023,32765.0,4535.824,0.0,2422.372
Marrakech - Safi,Chichaoua,2023,32652.0,3063.045,0.0,4652.617
Marrakech - Safi,El Kelâa des Sraghna,2023,49455.0,7115.9,0.0,9184.145
Marrakech - Safi,Essaouira,2023,47592.0,6495.309,0.0,9933.195
Marrakech - Safi,Marrakech,2023,36694.0,5206.747,72511.96,76808.372
Marrakech - Safi,Rehamna,2023,36043.0,23840.285,0.0,41542.874
Marrakech - Safi,Safi,2023,6169.0,2918.04,12134.89,14768.482
Marrakech - Safi,Youssoufia,2023,24259.0,2957.759,0.0,2718.774
Drâa - Tafilalet,Drâa- Tafilalet,2023,241290.0,24538.753000000004,0.0,35953.415
Drâa - Tafilalet,Errachidia,2023,103480.0,10246.53,0.0,15241.439
Drâa - Tafilalet,Midelt,2023,51339.0,4224.422,0.0,5987.355
Drâa - Tafilalet,Ouarzazate,2023,38602.0,5062.074,0.0,7702.365
Drâa - Tafilalet,Tinghir,2023,23865.0,2201.436,0.0,3091.627
Drâa - Tafilalet,Zagora,2023,24004.0,2804.291,0.0,3930.629
Souss - Massa,Souss - Massa,2023,232244.0,22769.355,55193.96000000001,92097.362
Souss - Massa,Agadir-Ida-Ou-Tanane,2023,21315.0,3195.462,3403.3,47110.475
Souss - Massa,Chtouka-Aït Baha,2023,33649.0,3953.89,39303.66,5295.278
Souss - Massa,Inezgane-Aït Melloul,2023,35319.0,2782.128,8801.9,11806.396
Souss - Massa,Taroudannt,2023,76959.0,7334.971,3685.1,15987.921
Souss - Massa,Tata,2023,16441.0,1390.726,0.0,2507.285
Souss - Massa,Tiznit,2023,48561.0,4112.178,0.0,9390.007
Guelmim - Oued Noun,Guelmim - Oued Noun,2023,101540.0,10109.486,0.0,13021.483
Guelmim - Oued Noun,Assa-Zag,2023,6418.0,596.729,0.0,1056.949
Guelmim - Oued Noun,Guelmim,2023,53685.0,5290.329,0.0,8013.196
Guelmim - Oued Noun,Sidi Ifni,2023,18291.0,1703.241,0.0,51.861
Guelmim - Oued Noun,Tan-Tan,2023,23146.0,2519.187,0.0,3899.477
Laâyoune - Sakia El Hamra,Laâyoune - Sakia El Hamra,2023,92379.0,11692.151,0.0,22319.653000000002
Laâyoune - Sakia El Hamra,Boujdour,2023,11615.0,1512.843,0.0,2046.593
Laâyoune - Sakia El Hamra,Es-Semara,2023,12312.0,1501.699,0.0,2089.664
Laâyoune - Sakia El Hamra,Laâyoune,2023,64287.0,8195.137,0.0,17500.459
Laâyoune - Sakia El Hamra,Tarfaya,2023,4165.0,482.472,0.0,682.937
Dakhla - Oued Ed-Dahab,Dakhla - Oued Ed-Dahab,2023,28473.0,2973.998,0.0,7254.272
Dakhla - Oued Ed-Dahab,Aousserd,2023,594.0,110.234,0.0,181.679
Dakhla - Oued Ed-Dahab,Oued Ed-Dahab,2023,27879.0,2863.764,0.0,7072.593
