city,Annee,Mois,temperature,wind_speed,humidity,wetbulb_temperature,precipitation,Other renewables (including geothermal and biomass) - TWh,Biofuels consumption - TWh,Solar consumption - TWh,Wind consumption - TWh,Hydro consumption - TWh,Nuclear consumption - TWh,Gas consumption - TWh,Coal consumption - TWh,Oil consumption - TWh,Total renewables - TWh,Total fossil fuels - TWh,Total energy - TWh,Low carbon - TWh,Other - TWh,WUE_FixedApproachDirect(L/KWh),WUE_FixedColdWaterDirect(L/KWh),WUE_Indirect(L/KWh),Leakages (%),climate_region
Béni Mellal - Khénifra,2022,8,30.020138888888887,8.657291666666667,34.84375,65.54364276222066,5.6,0.0023034186870357393,0.0023034186870357393,3658023.8262088303,13522074.281709881,1715487.035739314,0.0,5618113.043587949,217871705.3903293,403182232.8521375,18996496.14576034,85471618.78065874,107999999.99999997,18996496.14576034,0.0,1.6549655110390233,1.3265977367281074,1.6062163260136468,0.3972,Savana
Béni Mellal - Khénifra,2022,9,24.730277777777776,7.64375,49.480555555555554,62.98840887667965,20.07,0.005758546717589348,0.005758546717589348,9145059.565522077,33805185.70427471,4288717.5893482845,0.0,14045282.608969873,544679263.4758232,1007955582.1303438,47491240.36440085,213679046.95164686,269999999.99999994,47491240.36440085,0.0,1.6372958173763033,1.2883127628907365,1.6062163260136468,0.3972,Savana
Béni Mellal - Khénifra,2022,10,23.08266129032258,7.356451612903226,32.125,55.41930702394192,18.6,0.005950498274842326,0.005950498274842326,9449894.884372812,34932025.22775053,4431674.842326561,0.0,14513458.695935534,562835238.9250174,1041554101.5346886,49074281.70988087,220801681.85003507,278999999.99999994,49074281.70988087,0.0,1.571741131769568,1.210531739160447,1.6062163260136468,0.3972,Savana
Béni Mellal - Khénifra,2022,11,17.970694444444444,6.075833333333334,35.9,49.619263975058665,2.6,0.005758546717589348,0.005758546717589348,9145059.565522077,33805185.70427471,4288717.5893482845,0.0,14045282.608969873,544679263.4758232,1007955582.1303438,47491240.36440085,213679046.95164686,269999999.99999994,47491240.36440085,0.0,1.507844965809262,1.1877679795044145,1.6062163260136468,0.3972,Savana
Béni Mellal - Khénifra,2022,12,13.721370967741937,6.81989247311828,53.76478494623656,47.53462426410905,91.12,0.005950498274842326,0.005950498274842326,9449894.884372812,34932025.22775053,4431674.842326561,0.0,14513458.695935534,562835238.9250174,1041554101.5346886,49074281.70988087,220801681.85003507,278999999.99999994,49074281.70988087,0.0,1.479577303960859,1.1938821650334315,1.6062163260136468,0.3972,Savana
Béni Mellal - Khénifra,2023,1,10.02513440860215,5.639247311827957,53.041666666666664,41.47269132995784,14.8,0.005950498274842326,0.005950498274842326,9449894.884372812,34932025.22775053,4431674.842326561,0.0,14513458.695935534,562835238.9250174,1041554101.5346886,49074281.70988087,220801681.85003507,278999999.99999994,49074281.70988087,0.0,1.3948604356219847,1.2184485420119404,1.6062163260136468,0.3972,Savana
Béni Mellal - Khénifra,2023,2,11.411309523809523,7.311011904761905,50.80357142857143,43.201169857510344,75.7,0.0053746436030833915,0.0053746436030833915,8535388.927820604,31551506.65732306,4002803.0833917325,0.0,13108930.435038548,508367312.577435,940758543.3216542,44325157.67344079,199433777.1548704,251999999.9999999,44325157.67344079,0.0,1.419506024080786,1.21012340100201,1.6062163260136468,0.39720000000000005,Savana
Béni Mellal - Khénifra,2023,3,17.568145161290325,6.488172043010753,45.696236559139784,50.79443635208848,6.07,0.005950498274842326,0.005950498274842326,9449894.884372812,34932025.22775053,4431674.842326561,0.0,14513458.695935534,562835238.9250174,1041554101.5346886,49074281.70988087,220801681.85003507,278999999.99999994,49074281.70988087,0.0,1.522547186789064,1.1876458859974302,1.6062163260136468,0.3972,Savana
Béni Mellal - Khénifra,2023,4,21.683888888888887,8.135277777777777,36.077777777777776,53.86897066426397,22.0,0.005758546717589348,0.005758546717589348,9145059.565522077,33805185.70427471,4288717.5893482845,0.0,14045282.608969873,544679263.4758232,1007955582.1303438,47491240.36440085,213679046.95164686,269999999.99999994,47491240.36440085,0.0,1.5563837953059059,1.1998043417393125,1.6062163260136468,0.3972,Savana
Béni Mellal - Khénifra,2023,5,20.509408602150536,8.147580645161291,45.02956989247312,54.81386712079139,70.35,0.005950498274842326,0.005950498274842326,9449894.884372812,34932025.22775053,4431674.842326561,0.0,14513458.695935534,562835238.9250174,1041554101.5346886,49074281.70988087,220801681.85003507,278999999.99999994,49074281.70988087,0.0,1.5680614078147592,1.2000936090194558,1.6062163260136468,0.3972,Savana
Béni Mellal - Khénifra,2023,6,26.22611111111111,8.132777777777779,41.49861111111111,61.92184962589195,8.8,0.005758546717589348,0.005758546717589348,9145059.565522077,33805185.70427471,4288717.5893482845,0.0,14045282.608969873,544679263.4758232,1007955582.1303438,47491240.36440085,213679046.95164686,269999999.99999994,47491240.36440085,0.0,1.6314727441764634,1.268147260140114,1.6062163260136468,0.3972,Savana
Béni Mellal - Khénifra,2023,7,31.111290322580643,8.48010752688172,27.267473118279568,63.797512375427786,1.5,0.005950498274842326,0.005950498274842326,9449894.884372812,34932025.22775053,4431674.842326561,0.0,14513458.695935534,562835238.9250174,1041554101.5346886,49074281.70988087,220801681.85003507,278999999.99999994,49074281.70988087,0.0,1.6445349406170053,1.2960027227818731,1.6062163260136468,0.3972,Savana
Béni Mellal - Khénifra,2023,8,32.75625,9.134583333333333,22.860416666666666,64.13752012012921,3.3000000000000003,0.003839031145059565,0.003839031145059565,6096706.377014717,22536790.46951647,2859145.059565523,0.0,9363521.739313249,363119508.9838821,671970388.0868958,31660826.909600563,142452697.96776456,179999999.99999994,31660826.909600563,0.0,1.6470464627258912,1.3006647501888209,1.6062163260136468,0.3972,Savana
Casablanca - Settat,2022,8,23.655555555555555,10.634722222222223,71.04166666666667,67.51226139053982,0.2,0.0023034186870357393,0.0023034186870357393,3658023.8262088303,13522074.281709881,1715487.035739314,0.0,5618113.043587949,217871705.3903293,403182232.8521375,18996496.14576034,85471618.78065874,107999999.99999997,18996496.14576034,0.0,1.6679671831961445,1.3577422559681969,1.6062163260136468,0.3972,Savana
Casablanca - Settat,2022,9,22.89013888888889,11.942361111111111,71.84027777777777,66.50353284599184,2.0,0.005758546717589348,0.005758546717589348,9145059.565522077,33805185.70427471,4288717.5893482845,0.0,14045282.608969873,544679263.4758232,1007955582.1303438,47491240.36440085,213679046.95164686,269999999.99999994,47491240.36440085,0.0,1.661610768400639,1.3409594504220301,1.6062163260136468,0.3972,Savana
Casablanca - Settat,2022,10,23.3127688172043,8.760887096774194,58.0994623655914,63.563890576918645,3.6,0.005950498274842326,0.005950498274842326,9449894.884372812,34932025.22775053,4431674.842326561,0.0,14513458.695935534,562835238.9250174,1041554101.5346886,49074281.70988087,220801681.85003507,278999999.99999994,49074281.70988087,0.0,1.6419913385648208,1.2950046794382006,1.6062163260136468,0.3972,Savana
Casablanca - Settat,2022,11,19.07263888888889,10.62736111111111,67.92083333333333,59.156787524882404,8.3,0.005758546717589348,0.005758546717589348,9145059.565522077,33805185.70427471,4288717.5893482845,0.0,14045282.608969873,544679263.4758232,1007955582.1303438,47491240.36440085,213679046.95164686,269999999.99999994,47491240.36440085,0.0,1.6079528847331213,1.2385795264154678,1.6062163260136468,0.3972,Savana
Casablanca - Settat,2022,12,17.334005376344088,14.376344086021506,68.75940860215054,56.48571290213526,79.8,0.005950498274842326,0.005950498274842326,9449894.884372812,34932025.22775053,4431674.842326561,0.0,14513458.695935534,562835238.9250174,1041554101.5346886,49074281.70988087,220801681.85003507,278999999.99999994,49074281.70988087,0.0,1.5833237430654314,1.2151632031833988,1.6062163260136468,0.3972,Savana
Casablanca - Settat,2023,1,13.874462365591398,10.618817204301076,69.95161290322581,50.99302681484523,19.85,0.005950498274842326,0.005950498274842326,9449894.884372812,34932025.22775053,4431674.842326561,0.0,14513458.695935534,562835238.9250174,1041554101.5346886,49074281.70988087,220801681.85003507,278999999.99999994,49074281.70988087,0.0,1.5244076024267184,1.1893079231471182,1.6062163260136468,0.3972,Savana
Casablanca - Settat,2023,2,13.871279761904763,10.8875,69.66369047619048,50.90309599841422,104.98,0.0053746436030833915,0.0053746436030833915,8535388.927820604,31551506.65732306,4002803.0833917325,0.0,13108930.435038548,508367312.577435,940758543.3216542,44325157.67344079,199433777.1548704,251999999.9999999,44325157.67344079,0.0,1.5233200640610611,1.1892160011582429,1.6062163260136468,0.39720000000000005,Savana
Casablanca - Settat,2023,3,16.40416666666667,11.595698924731185,72.59274193548387,55.59800030326211,2.66,0.005950498274842326,0.005950498274842326,9449894.884372812,34932025.22775053,4431674.842326561,0.0,14513458.695935534,562835238.9250174,1041554101.5346886,49074281.70988087,220801681.85003507,278999999.99999994,49074281.70988087,0.0,1.5746882067873302,1.208594830632097,1.6062163260136468,0.3972,Savana
Casablanca - Settat,2023,4,19.34541666666667,12.69125,66.04583333333333,58.970058506792846,14.15,0.005758546717589348,0.005758546717589348,9145059.565522077,33805185.70427471,4288717.5893482845,0.0,14045282.608969873,544679263.4758232,1007955582.1303438,47491240.36440085,213679046.95164686,269999999.99999994,47491240.36440085,0.0,1.6055199243485443,1.2388600562170968,1.6062163260136468,0.3972,Savana
Casablanca - Settat,2023,5,20.06787634408602,12.35981182795699,68.72043010752688,60.94630387783503,25.400000000000002,0.005950498274842326,0.005950498274842326,9449894.884372812,34932025.22775053,4431674.842326561,0.0,14513458.695935534,562835238.9250174,1041554101.5346886,49074281.70988087,220801681.85003507,278999999.99999994,49074281.70988087,0.0,1.6238529964483233,1.2558865094841434,1.6062163260136468,0.3972,Savana
Casablanca - Settat,2023,6,23.831805555555558,11.709861111111111,68.67916666666666,67.16235448948076,4.1000000000000005,0.005758546717589348,0.005758546717589348,9145059.565522077,33805185.70427471,4288717.5893482845,0.0,14045282.608969873,544679263.4758232,1007955582.1303438,47491240.36440085,213679046.95164686,269999999.99999994,47491240.36440085,0.0,1.6643764637269272,1.3556570796491696,1.6062163260136468,0.3972,Savana
Casablanca - Settat,2023,7,24.510752688172044,12.361693548387096,69.27016129032258,68.46819210335003,0.1,0.005950498274842326,0.005950498274842326,9449894.884372812,34932025.22775053,4431674.842326561,0.0,14513458.695935534,562835238.9250174,1041554101.5346886,49074281.70988087,220801681.85003507,278999999.99999994,49074281.70988087,0.0,1.6721511850468045,1.3786068693800906,1.6062163260136468,0.3972,Savana
Casablanca - Settat,2023,8,25.23,12.633541666666668,66.8375,69.0134819584059,0.1,0.003839031145059565,0.003839031145059565,6096706.377014717,22536790.46951647,2859145.059565523,0.0,9363521.739313249,363119508.9838821,671970388.0868958,31660826.909600563,142452697.96776456,179999999.99999994,31660826.909600563,0.0,1.675056888631153,1.3891092213646419,1.6062163260136468,0.3972,Savana
Drâa - Tafilalet,2022,8,34.547222222222224,14.832291666666666,16.03472222222222,62.99018852448757,0.1,0.0023034186870357393,0.0023034186870357393,3658023.8262088303,13522074.281709881,1715487.035739314,0.0,5618113.043587949,217871705.3903293,403182232.8521375,18996496.14576034,85471618.78065874,107999999.99999997,18996496.14576034,0.0,1.638580781507497,1.2849080843974807,1.6062163260136468,0.3972,Savana
Drâa - Tafilalet,2022,9,30.19597222222222,14.910277777777777,23.1,61.07538105874064,8.8,0.005758546717589348,0.005758546717589348,9145059.565522077,33805185.70427471,4288717.5893482845,0.0,14045282.608969873,544679263.4758232,1007955582.1303438,47491240.36440085,213679046.95164686,269999999.99999994,47491240.36440085,0.0,1.6247396720856155,1.2578363912023096,1.6062163260136468,0.3972,Savana
Drâa - Tafilalet,2022,10,24.229301075268815,11.593413978494624,25.723118279569892,55.28694470374719,0.7,0.005950498274842326,0.005950498274842326,9449894.884372812,34932025.22775053,4431674.842326561,0.0,14513458.695935534,562835238.9250174,1041554101.5346886,49074281.70988087,220801681.85003507,278999999.99999994,49074281.70988087,0.0,1.5701691504200395,1.2103191095210781,1.6062163260136468,0.3972,Savana
Drâa - Tafilalet,2022,11,18.835,7.226249999999999,23.90277777777778,47.60617923837383,0.0,0.005758546717589348,0.005758546717589348,9145059.565522077,33805185.70427471,4288717.5893482845,0.0,14045282.608969873,544679263.4758232,1007955582.1303438,47491240.36440085,213679046.95164686,269999999.99999994,47491240.36440085,0.0,1.4839028717652396,1.1846257708011483,1.6062163260136468,0.3972,Savana
Drâa - Tafilalet,2022,12,14.625268817204303,7.907258064516129,37.060483870967744,45.44373377223435,2.7,0.005950498274842326,0.005950498274842326,9449894.884372812,34932025.22775053,4431674.842326561,0.0,14513458.695935534,562835238.9250174,1041554101.5346886,49074281.70988087,220801681.85003507,278999999.99999994,49074281.70988087,0.0,1.4529627326552772,1.195329085718108,1.6062163260136468,0.3972,Savana
Drâa - Tafilalet,2023,1,10.914650537634408,6.827822580645161,32.64381720430107,39.167172738436676,0.4,0.005950498274842326,0.005950498274842326,9449894.884372812,34932025.22775053,4431674.842326561,0.0,14513458.695935534,562835238.9250174,1041554101.5346886,49074281.70988087,220801681.85003507,278999999.99999994,49074281.70988087,0.0,1.3603359760642546,1.234004723798259,1.6062163260136468,0.3972,Savana
Drâa - Tafilalet,2023,2,11.354910714285714,10.008482142857142,40.583333333333336,41.281036607007465,35.4,0.0053746436030833915,0.0053746436030833915,8535388.927820604,31551506.65732306,4002803.0833917325,0.0,13108930.435038548,508367312.577435,940758543.3216542,44325157.67344079,199433777.1548704,251999999.9999999,44325157.67344079,0.0,1.3935929285805604,1.215421134574917,1.6062163260136468,0.39720000000000005,Savana
Drâa - Tafilalet,2023,3,22.048521505376343,10.755510752688172,24.717741935483872,51.452969425099866,13.8,0.005950498274842326,0.005950498274842326,9449894.884372812,34932025.22775053,4431674.842326561,0.0,14513458.695935534,562835238.9250174,1041554101.5346886,49074281.70988087,220801681.85003507,278999999.99999994,49074281.70988087,0.0,1.5323168978016528,1.1834495665048796,1.6062163260136468,0.3972,Savana
Drâa - Tafilalet,2023,4,24.978055555555557,13.001388888888888,17.64027777777778,52.46629607108224,0.7999999999999999,0.005758546717589348,0.005758546717589348,9145059.565522077,33805185.70427471,4288717.5893482845,0.0,14045282.608969873,544679263.4758232,1007955582.1303438,47491240.36440085,213679046.95164686,269999999.99999994,47491240.36440085,0.0,1.5418634730451453,1.1917856758853032,1.6062163260136468,0.3972,Savana
Drâa - Tafilalet,2023,5,25.758736559139784,18.303763440860216,20.486559139784948,54.226325211569275,2.4000000000000004,0.005950498274842326,0.005950498274842326,9449894.884372812,34932025.22775053,4431674.842326561,0.0,14513458.695935534,562835238.9250174,1041554101.5346886,49074281.70988087,220801681.85003507,278999999.99999994,49074281.70988087,0.0,1.5620928808687748,1.1964284195221453,1.6062163260136468,0.3972,Savana
Drâa - Tafilalet,2023,6,31.485972222222223,16.878333333333334,19.318055555555556,60.61166206058547,0.3,0.005758546717589348,0.005758546717589348,9145059.565522077,33805185.70427471,4288717.5893482845,0.0,14045282.608969873,544679263.4758232,1007955582.1303438,47491240.36440085,213679046.95164686,269999999.99999994,47491240.36440085,0.0,1.6211625156795493,1.2518874334246264,1.6062163260136468,0.3972,Savana
Drâa - Tafilalet,2023,7,36.512768817204304,13.75268817204301,10.09005376344086,61.26036074360787,0.2,0.005950498274842326,0.005950498274842326,9449894.884372812,34932025.22775053,4431674.842326561,0.0,14513458.695935534,562835238.9250174,1041554101.5346886,49074281.70988087,220801681.85003507,278999999.99999994,49074281.70988087,0.0,1.6253957005549935,1.2622880040814266,1.6062163260136468,0.3972,Savana
Drâa - Tafilalet,2023,8,36.021458333333335,13.327916666666665,12.541666666666666,62.39822778935385,0.1,0.003839031145059565,0.003839031145059565,6096706.377014717,22536790.46951647,2859145.059565523,0.0,9363521.739313249,363119508.9838821,671970388.0868958,31660826.909600563,142452697.96776456,179999999.99999994,31660826.909600563,0.0,1.635861908336544,1.2723325762364535,1.6062163260136468,0.3972,Savana
Fès - Meknès,2022,8,28.662499999999998,8.215277777777779,38.295138888888886,64.9166333735669,0.8,0.0023034186870357393,0.0023034186870357393,3658023.8262088303,13522074.281709881,1715487.035739314,0.0,5618113.043587949,217871705.3903293,403182232.8521375,18996496.14576034,85471618.78065874,107999999.99999997,18996496.14576034,0.0,1.6505955276649207,1.3172953585897273,1.6062163260136468,0.3972,Savana
Fès - Meknès,2022,9,23.85972222222222,8.552916666666667,51.36805555555556,62.27150393466658,23.5,0.005758546717589348,0.005758546717589348,9145059.565522077,33805185.70427471,4288717.5893482845,0.0,14045282.608969873,544679263.4758232,1007955582.1303438,47491240.36440085,213679046.95164686,269999999.99999994,47491240.36440085,0.0,1.6325838784211795,1.2769094063798214,1.6062163260136468,0.3972,Savana
Fès - Meknès,2022,10,23.685080645161293,7.869758064516129,35.61693548387097,57.27407380984498,38.64,0.005950498274842326,0.005950498274842326,9449894.884372812,34932025.22775053,4431674.842326561,0.0,14513458.695935534,562835238.9250174,1041554101.5346886,49074281.70988087,220801681.85003507,278999999.99999994,49074281.70988087,0.0,1.5905138851771303,1.2222877052948231,1.6062163260136468,0.3972,Savana
Fès - Meknès,2022,11,17.346527777777776,7.172083333333333,47.81666666666667,51.507502830184066,12.1,0.005758546717589348,0.005758546717589348,9145059.565522077,33805185.70427471,4288717.5893482845,0.0,14045282.608969873,544679263.4758232,1007955582.1303438,47491240.36440085,213679046.95164686,269999999.99999994,47491240.36440085,0.0,1.5298687558893884,1.191884073280283,1.6062163260136468,0.3972,Savana
Fès - Meknès,2022,12,13.766397849462367,8.625806451612904,58.848118279569896,48.63394926887828,117.15,0.005950498274842326,0.005950498274842326,9449894.884372812,34932025.22775053,4431674.842326561,0.0,14513458.695935534,562835238.9250174,1041554101.5346886,49074281.70988087,220801681.85003507,278999999.99999994,49074281.70988087,0.0,1.4943338500125947,1.1910630450195092,1.6062163260136468,0.3972,Savana
Fès - Meknès,2023,1,9.673252688172042,7.624865591397849,62.55241935483871,42.61447856654858,40.52,0.005950498274842326,0.005950498274842326,9449894.884372812,34932025.22775053,4431674.842326561,0.0,14513458.695935534,562835238.9250174,1041554101.5346886,49074281.70988087,220801681.85003507,278999999.99999994,49074281.70988087,0.0,1.412265855385757,1.209915419346452,1.6062163260136468,0.3972,Savana
Fès - Meknès,2023,2,11.205654761904762,9.489285714285714,58.816964285714285,44.31425126665343,122.33,0.0053746436030833915,0.0053746436030833915,8535388.927820604,31551506.65732306,4002803.0833917325,0.0,13108930.435038548,508367312.577435,940758543.3216542,44325157.67344079,199433777.1548704,251999999.9999999,44325157.67344079,0.0,1.4365143067221506,1.201695736147283,1.6062163260136468,0.39720000000000005,Savana
Fès - Meknès,2023,3,16.075940860215052,7.391129032258065,61.409946236559136,52.18846295637252,21.24,0.005950498274842326,0.005950498274842326,9449894.884372812,34932025.22775053,4431674.842326561,0.0,14513458.695935534,562835238.9250174,1041554101.5346886,49074281.70988087,220801681.85003507,278999999.99999994,49074281.70988087,0.0,1.5381321747846692,1.1925031874288092,1.6062163260136468,0.3972,Savana
Fès - Meknès,2023,4,20.915694444444444,9.301388888888889,40.454166666666666,54.29367889996851,3.45,0.005758546717589348,0.005758546717589348,9145059.565522077,33805185.70427471,4288717.5893482845,0.0,14045282.608969873,544679263.4758232,1007955582.1303438,47491240.36440085,213679046.95164686,269999999.99999994,47491240.36440085,0.0,1.559917644871832,1.2045582303492284,1.6062163260136468,0.3972,Savana
Fès - Meknès,2023,5,19.716397849462364,9.311424731182795,49.30510752688172,54.846065030103816,105.6,0.005950498274842326,0.005950498274842326,9449894.884372812,34932025.22775053,4431674.842326561,0.0,14513458.695935534,562835238.9250174,1041554101.5346886,49074281.70988087,220801681.85003507,278999999.99999994,49074281.70988087,0.0,1.5679595880014128,1.2014508700344544,1.6062163260136468,0.3972,Savana
Fès - Meknès,2023,6,25.315555555555555,8.842361111111112,45.99444444444445,62.01690335093489,38.65,0.005758546717589348,0.005758546717589348,9145059.565522077,33805185.70427471,4288717.5893482845,0.0,14045282.608969873,544679263.4758232,1007955582.1303438,47491240.36440085,213679046.95164686,269999999.99999994,47491240.36440085,0.0,1.6313920528621135,1.271561236396998,1.6062163260136468,0.3972,Savana
Fès - Meknès,2023,7,29.39287634408602,8.874596774193549,32.505376344086024,63.75066190013104,1.7999999999999998,0.005950498274842326,0.005950498274842326,9449894.884372812,34932025.22775053,4431674.842326561,0.0,14513458.695935534,562835238.9250174,1041554101.5346886,49074281.70988087,220801681.85003507,278999999.99999994,49074281.70988087,0.0,1.6441903244829204,1.295356414799607,1.6062163260136468,0.3972,Savana
Fès - Meknès,2023,8,31.68708333333333,8.627083333333333,25.314583333333335,63.83616612064129,3.0,0.003839031145059565,0.003839031145059565,6096706.377014717,22536790.46951647,2859145.059565523,0.0,9363521.739313249,363119508.9838821,671970388.0868958,31660826.909600563,142452697.96776456,179999999.99999994,31660826.909600563,0.0,1.6450335310539466,1.295958249577485,1.6062163260136468,0.3972,Savana
Guelmim - Oued Noun,2022,8,25.623611111111114,12.956597222222221,53.46180555555556,64.90110419562066,1.1,0.0023034186870357393,0.0023034186870357393,3658023.8262088303,13522074.281709881,1715487.035739314,0.0,5618113.043587949,217871705.3903293,403182232.8521375,18996496.14576034,85471618.78065874,107999999.99999997,18996496.14576034,0.0,1.6517627020127112,1.3136262132183851,1.6062163260136468,0.3972,Savana
Guelmim - Oued Noun,2022,9,22.512916666666666,16.065694444444443,63.92638888888889,63.35016420695624,9.9,0.005758546717589348,0.005758546717589348,9145059.565522077,33805185.70427471,4288717.5893482845,0.0,14045282.608969873,544679263.4758232,1007955582.1303438,47491240.36440085,213679046.95164686,269999999.99999994,47491240.36440085,0.0,1.6424023362490352,1.2867094696991033,1.6062163260136468,0.3972,Savana
Guelmim - Oued Noun,2022,10,25.451209677419357,13.006720430107526,35.23790322580645,58.68454644022001,2.7,0.005950498274842326,0.005950498274842326,9449894.884372812,34932025.22775053,4431674.842326561,0.0,14513458.695935534,562835238.9250174,1041554101.5346886,49074281.70988087,220801681.85003507,278999999.99999994,49074281.70988087,0.0,1.6026415616466223,1.237019657037527,1.6062163260136468,0.3972,Savana
Guelmim - Oued Noun,2022,11,20.68875,8.878055555555555,42.13194444444444,54.22411973817086,0.2,0.005758546717589348,0.005758546717589348,9145059.565522077,33805185.70427471,4288717.5893482845,0.0,14045282.608969873,544679263.4758232,1007955582.1303438,47491240.36440085,213679046.95164686,269999999.99999994,47491240.36440085,0.0,1.560777821641569,1.1998999210528893,1.6062163260136468,0.3972,Savana
Guelmim - Oued Noun,2022,12,17.49233870967742,13.376209677419354,51.43817204301075,52.48701685157733,30.9,0.005950498274842326,0.005950498274842326,9449894.884372812,34932025.22775053,4431674.842326561,0.0,14513458.695935534,562835238.9250174,1041554101.5346886,49074281.70988087,220801681.85003507,278999999.99999994,49074281.70988087,0.0,1.5408286447026658,1.1952725700724924,1.6062163260136468,0.3972,Savana
Guelmim - Oued Noun,2023,1,14.470564516129032,12.353360215053764,45.64381720430107,46.51415293351464,1.1,0.005950498274842326,0.005950498274842326,9449894.884372812,34932025.22775053,4431674.842326561,0.0,14513458.695935534,562835238.9250174,1041554101.5346886,49074281.70988087,220801681.85003507,278999999.99999994,49074281.70988087,0.0,1.4688771298346792,1.18841613422532,1.6062163260136468,0.3972,Savana
Guelmim - Oued Noun,2023,2,14.238988095238096,20.38363095238095,49.563988095238095,47.1220498937248,63.89,0.0053746436030833915,0.0053746436030833915,8535388.927820604,31551506.65732306,4002803.0833917325,0.0,13108930.435038548,508367312.577435,940758543.3216542,44325157.67344079,199433777.1548704,251999999.9999999,44325157.67344079,0.0,1.476834486362353,1.1874035252024207,1.6062163260136468,0.39720000000000005,Savana
Guelmim - Oued Noun,2023,3,21.877822580645162,11.473118279569892,42.91532258064516,55.2928940903544,0.0,0.005950498274842326,0.005950498274842326,9449894.884372812,34932025.22775053,4431674.842326561,0.0,14513458.695935534,562835238.9250174,1041554101.5346886,49074281.70988087,220801681.85003507,278999999.99999994,49074281.70988087,0.0,1.573256817860449,1.202194195561229,1.6062163260136468,0.3972,Savana
Guelmim - Oued Noun,2023,4,21.342916666666667,14.764583333333333,47.333333333333336,56.14356110338785,9.9,0.005758546717589348,0.005758546717589348,9145059.565522077,33805185.70427471,4288717.5893482845,0.0,14045282.608969873,544679263.4758232,1007955582.1303438,47491240.36440085,213679046.95164686,269999999.99999994,47491240.36440085,0.0,1.5809910127435356,1.2099470177981515,1.6062163260136468,0.3972,Savana
Guelmim - Oued Noun,2023,5,20.01048387096774,19.25537634408602,60.155913978494624,57.7691269186361,6.0,0.005950498274842326,0.005950498274842326,9449894.884372812,34932025.22775053,4431674.842326561,0.0,14513458.695935534,562835238.9250174,1041554101.5346886,49074281.70988087,220801681.85003507,278999999.99999994,49074281.70988087,0.0,1.5974035453524875,1.2203591688374835,1.6062163260136468,0.3972,Savana
Guelmim - Oued Noun,2023,6,23.14027777777778,18.316111111111113,59.80833333333333,62.530702099553935,6.300000000000001,0.005758546717589348,0.005758546717589348,9145059.565522077,33805185.70427471,4288717.5893482845,0.0,14045282.608969873,544679263.4758232,1007955582.1303438,47491240.36440085,213679046.95164686,269999999.99999994,47491240.36440085,0.0,1.6356381850316122,1.2773905552516267,1.6062163260136468,0.3972,Savana
Guelmim - Oued Noun,2023,7,24.537096774193547,13.801881720430108,56.43413978494624,63.72143930561838,1.4,0.005950498274842326,0.005950498274842326,9449894.884372812,34932025.22775053,4431674.842326561,0.0,14513458.695935534,562835238.9250174,1041554101.5346886,49074281.70988087,220801681.85003507,278999999.99999994,49074281.70988087,0.0,1.6446829813492316,1.2930454302372183,1.6062163260136468,0.3972,Savana
Guelmim - Oued Noun,2023,8,28.756666666666668,13.278541666666666,42.74583333333333,64.55817784111314,1.4000000000000001,0.003839031145059565,0.003839031145059565,6096706.377014717,22536790.46951647,2859145.059565523,0.0,9363521.739313249,363119508.9838821,671970388.0868958,31660826.909600563,142452697.96776456,179999999.99999994,31660826.909600563,0.0,1.6503774006669911,1.3058295210797053,1.6062163260136468,0.3972,Savana
Marrakech - Safi,2022,8,28.88993055555555,10.415277777777778,36.201388888888886,64.08212030917056,0.0,0.0023034186870357393,0.0023034186870357393,3658023.8262088303,13522074.281709881,1715487.035739314,0.0,5618113.043587949,217871705.3903293,403182232.8521375,18996496.14576034,85471618.78065874,107999999.99999997,18996496.14576034,0.0,1.645915178835985,1.3018519652869418,1.6062163260136468,0.3972,Savana
Marrakech - Safi,2022,9,24.479861111111113,10.247916666666667,49.234722222222224,62.475154126258914,26.1,0.005758546717589348,0.005758546717589348,9145059.565522077,33805185.70427471,4288717.5893482845,0.0,14045282.608969873,544679263.4758232,1007955582.1303438,47491240.36440085,213679046.95164686,269999999.99999994,47491240.36440085,0.0,1.6345105762008767,1.278562879321631,1.6062163260136468,0.3972,Savana
Marrakech - Safi,2022,10,24.10295698924731,7.853897849462366,32.59274193548387,56.72060830851668,15.25,0.005950498274842326,0.005950498274842326,9449894.884372812,34932025.22775053,4431674.842326561,0.0,14513458.695935534,562835238.9250174,1041554101.5346886,49074281.70988087,220801681.85003507,278999999.99999994,49074281.70988087,0.0,1.5849302604933468,1.2187306446718134,1.6062163260136468,0.3972,Savana
Marrakech - Safi,2022,11,19.226666666666667,8.083888888888888,40.22083333333333,52.12647563906797,4.1,0.005758546717589348,0.005758546717589348,9145059.565522077,33805185.70427471,4288717.5893482845,0.0,14045282.608969873,544679263.4758232,1007955582.1303438,47491240.36440085,213679046.95164686,269999999.99999994,47491240.36440085,0.0,1.5366714392508338,1.1943571497221668,1.6062163260136468,0.3972,Savana
Marrakech - Safi,2022,12,15.614784946236558,7.786424731182796,50.99327956989247,49.685264954835475,30.400000000000002,0.005950498274842326,0.005950498274842326,9449894.884372812,34932025.22775053,4431674.842326561,0.0,14513458.695935534,562835238.9250174,1041554101.5346886,49074281.70988087,220801681.85003507,278999999.99999994,49074281.70988087,0.0,1.50689802138867,1.1925405793073487,1.6062163260136468,0.3972,Savana
Marrakech - Safi,2023,1,11.936424731182797,8.44005376344086,52.74596774193548,44.22348002375366,8.7,0.005950498274842326,0.005950498274842326,9449894.884372812,34932025.22775053,4431674.842326561,0.0,14513458.695935534,562835238.9250174,1041554101.5346886,49074281.70988087,220801681.85003507,278999999.99999994,49074281.70988087,0.0,1.43541410753922,1.2016096888715109,1.6062163260136468,0.3972,Savana
Marrakech - Safi,2023,2,13.219940476190475,8.359077380952382,50.544642857142854,45.72488004297769,64.6,0.0053746436030833915,0.0053746436030833915,8535388.927820604,31551506.65732306,4002803.0833917325,0.0,13108930.435038548,508367312.577435,940758543.3216542,44325157.67344079,199433777.1548704,251999999.9999999,44325157.67344079,0.0,1.4563339449160941,1.1956938520081664,1.6062163260136468,0.39720000000000005,Savana
Marrakech - Safi,2023,3,20.740188172043013,9.94744623655914,41.780913978494624,54.13924971381055,0.0,0.005950498274842326,0.005950498274842326,9449894.884372812,34932025.22775053,4431674.842326561,0.0,14513458.695935534,562835238.9250174,1041554101.5346886,49074281.70988087,220801681.85003507,278999999.99999994,49074281.70988087,0.0,1.5605162933355707,1.1977510902752038,1.6062163260136468,0.3972,Savana
Marrakech - Safi,2023,4,22.040555555555557,11.038194444444445,37.51111111111111,54.437684819896134,53.65,0.005758546717589348,0.005758546717589348,9145059.565522077,33805185.70427471,4288717.5893482845,0.0,14045282.608969873,544679263.4758232,1007955582.1303438,47491240.36440085,213679046.95164686,269999999.99999994,47491240.36440085,0.0,1.5626319175083259,1.2020825561103547,1.6062163260136468,0.3972,Savana
Marrakech - Safi,2023,5,21.669086021505375,12.481317204301076,42.490591397849464,55.83865040092338,22.75,0.005950498274842326,0.005950498274842326,9449894.884372812,34932025.22775053,4431674.842326561,0.0,14513458.695935534,562835238.9250174,1041554101.5346886,49074281.70988087,220801681.85003507,278999999.99999994,49074281.70988087,0.0,1.5780433552020368,1.2076411245259129,1.6062163260136468,0.3972,Savana
Marrakech - Safi,2023,6,26.589027777777776,11.23638888888889,39.7,61.85570722650183,3.3,0.005758546717589348,0.005758546717589348,9145059.565522077,33805185.70427471,4288717.5893482845,0.0,14045282.608969873,544679263.4758232,1007955582.1303438,47491240.36440085,213679046.95164686,269999999.99999994,47491240.36440085,0.0,1.6301683866535512,1.2694398707531833,1.6062163260136468,0.3972,Savana
Marrakech - Safi,2023,7,29.57016129032258,11.250268817204303,31.826612903225808,63.36781245425476,4.4,0.005950498274842326,0.005950498274842326,9449894.884372812,34932025.22775053,4431674.842326561,0.0,14513458.695935534,562835238.9250174,1041554101.5346886,49074281.70988087,220801681.85003507,278999999.99999994,49074281.70988087,0.0,1.6415584458465509,1.2895782350162552,1.6062163260136468,0.3972,Savana
Marrakech - Safi,2023,8,32.13854166666667,11.170416666666666,26.358333333333334,64.52326903854943,6.8,0.003839031145059565,0.003839031145059565,6096706.377014717,22536790.46951647,2859145.059565523,0.0,9363521.739313249,363119508.9838821,671970388.0868958,31660826.909600563,142452697.96776456,179999999.99999994,31660826.909600563,0.0,1.6494042257669794,1.3072795030553492,1.6062163260136468,0.3972,Savana
L'Oriental,2022,8,27.983333333333334,8.676041666666666,43.71527777777778,66.17036529045252,2.5,0.0023034186870357393,0.0023034186870357393,3658023.8262088303,13522074.281709881,1715487.035739314,0.0,5618113.043587949,217871705.3903293,403182232.8521375,18996496.14576034,85471618.78065874,107999999.99999997,18996496.14576034,0.0,1.6558107709490122,1.345393836804023,1.6062163260136468,0.3972,Savana
L'Oriental,2022,9,24.333055555555553,9.000416666666666,49.67777777777778,62.34703964078273,9.8,0.005758546717589348,0.005758546717589348,9145059.565522077,33805185.70427471,4288717.5893482845,0.0,14045282.608969873,544679263.4758232,1007955582.1303438,47491240.36440085,213679046.95164686,269999999.99999994,47491240.36440085,0.0,1.632307339840165,1.2801950849691013,1.6062163260136468,0.3972,Savana
L'Oriental,2022,10,22.87540322580645,9.527016129032258,44.22043010752688,58.48567019347624,12.200000000000001,0.005950498274842326,0.005950498274842326,9449894.884372812,34932025.22775053,4431674.842326561,0.0,14513458.695935534,562835238.9250174,1041554101.5346886,49074281.70988087,220801681.85003507,278999999.99999994,49074281.70988087,0.0,1.6002374470835758,1.2368139321149547,1.6062163260136468,0.3972,Savana
L'Oriental,2022,11,16.790555555555557,10.073333333333334,52.53333333333333,51.70855489928803,8.2,0.005758546717589348,0.005758546717589348,9145059.565522077,33805185.70427471,4288717.5893482845,0.0,14045282.608969873,544679263.4758232,1007955582.1303438,47491240.36440085,213679046.95164686,269999999.99999994,47491240.36440085,0.0,1.5311126232677266,1.1952912269971614,1.6062163260136468,0.3972,Savana
L'Oriental,2022,12,14.36532258064516,12.35497311827957,53.71639784946237,48.426251012007334,13.31,0.005950498274842326,0.005950498274842326,9449894.884372812,34932025.22775053,4431674.842326561,0.0,14513458.695935534,562835238.9250174,1041554101.5346886,49074281.70988087,220801681.85003507,278999999.99999994,49074281.70988087,0.0,1.4916311456360853,1.1913657168415455,1.6062163260136468,0.3972,Savana
L'Oriental,2023,1,9.5747311827957,9.923924731182796,63.369623655913976,42.48840983265675,38.06,0.005950498274842326,0.005950498274842326,9449894.884372812,34932025.22775053,4431674.842326561,0.0,14513458.695935534,562835238.9250174,1041554101.5346886,49074281.70988087,220801681.85003507,278999999.99999994,49074281.70988087,0.0,1.4095458509514702,1.2130097298288325,1.6062163260136468,0.3972,Savana
L'Oriental,2023,2,10.997619047619047,11.683035714285714,57.026785714285715,43.50689777341934,30.19,0.0053746436030833915,0.0053746436030833915,8535388.927820604,31551506.65732306,4002803.0833917325,0.0,13108930.435038548,508367312.577435,940758543.3216542,44325157.67344079,199433777.1548704,251999999.9999999,44325157.67344079,0.0,1.4264474924754016,1.201688652160406,1.6062163260136468,0.39720000000000005,Savana
L'Oriental,2023,3,15.334543010752688,7.694489247311828,55.08064516129032,49.704456022212334,8.88,0.005950498274842326,0.005950498274842326,9449894.884372812,34932025.22775053,4431674.842326561,0.0,14513458.695935534,562835238.9250174,1041554101.5346886,49074281.70988087,220801681.85003507,278999999.99999994,49074281.70988087,0.0,1.5065448652081816,1.1941381069061505,1.6062163260136468,0.3972,Savana
L'Oriental,2023,4,18.528472222222224,9.145138888888889,45.06666666666667,52.08606653471672,1.2000000000000002,0.005758546717589348,0.005758546717589348,9145059.565522077,33805185.70427471,4288717.5893482845,0.0,14045282.608969873,544679263.4758232,1007955582.1303438,47491240.36440085,213679046.95164686,269999999.99999994,47491240.36440085,0.0,1.5343808046333531,1.1991743086990905,1.6062163260136468,0.3972,Savana
L'Oriental,2023,5,18.726747311827957,9.584005376344086,53.318548387096776,54.71754139007599,40.15,0.005950498274842326,0.005950498274842326,9449894.884372812,34932025.22775053,4431674.842326561,0.0,14513458.695935534,562835238.9250174,1041554101.5346886,49074281.70988087,220801681.85003507,278999999.99999994,49074281.70988087,0.0,1.56497433014386,1.2051778051897712,1.6062163260136468,0.3972,Savana
L'Oriental,2023,6,23.966388888888886,8.686944444444444,48.48888888888889,61.39795340102094,36.6,0.005758546717589348,0.005758546717589348,9145059.565522077,33805185.70427471,4288717.5893482845,0.0,14045282.608969873,544679263.4758232,1007955582.1303438,47491240.36440085,213679046.95164686,269999999.99999994,47491240.36440085,0.0,1.6247164332656243,1.2687463389996474,1.6062163260136468,0.3972,Savana
L'Oriental,2023,7,29.264247311827955,8.557526881720431,31.348118279569892,63.214425933157244,1.4,0.005950498274842326,0.005950498274842326,9449894.884372812,34932025.22775053,4431674.842326561,0.0,14513458.695935534,562835238.9250174,1041554101.5346886,49074281.70988087,220801681.85003507,278999999.99999994,49074281.70988087,0.0,1.6381979175376655,1.2934808995661353,1.6062163260136468,0.3972,Savana
L'Oriental,2023,8,29.232291666666665,8.27,33.93125,64.27741436072094,0.4,0.003839031145059565,0.003839031145059565,6096706.377014717,22536790.46951647,2859145.059565523,0.0,9363521.739313249,363119508.9838821,671970388.0868958,31660826.909600563,142452697.96776456,179999999.99999994,31660826.909600563,0.0,1.6456131254154158,1.3092336070224913,1.6062163260136468,0.3972,Savana
Rabat - Salé - Kénitra,2022,8,23.51736111111111,9.26875,73.69444444444444,67.94543555833998,0.30000000000000004,0.0023034186870357393,0.0023034186870357393,3658023.8262088303,13522074.281709881,1715487.035739314,0.0,5618113.043587949,217871705.3903293,403182232.8521375,18996496.14576034,85471618.78065874,107999999.99999997,18996496.14576034,0.0,1.6700188165441612,1.366777187560922,1.6062163260136468,0.3972,Savana
Rabat - Salé - Kénitra,2022,9,22.600416666666664,10.602222222222222,74.44583333333334,66.652646715544,5.9,0.005758546717589348,0.005758546717589348,9145059.565522077,33805185.70427471,4288717.5893482845,0.0,14045282.608969873,544679263.4758232,1007955582.1303438,47491240.36440085,213679046.95164686,269999999.99999994,47491240.36440085,0.0,1.6621960860190423,1.3443956375070454,1.6062163260136468,0.3972,Savana
Rabat - Salé - Kénitra,2022,10,23.24233870967742,9.0,59.30107526881721,63.78456067342611,2.8000000000000003,0.005950498274842326,0.005950498274842326,9449894.884372812,34932025.22775053,4431674.842326561,0.0,14513458.695935534,562835238.9250174,1041554101.5346886,49074281.70988087,220801681.85003507,278999999.99999994,49074281.70988087,0.0,1.6437455751773533,1.2976954789294588,1.6062163260136468,0.3972,Savana
Rabat - Salé - Kénitra,2022,11,18.643055555555556,9.623750000000001,68.91944444444445,58.694596803752354,15.4,0.005758546717589348,0.005758546717589348,9145059.565522077,33805185.70427471,4288717.5893482845,0.0,14045282.608969873,544679263.4758232,1007955582.1303438,47491240.36440085,213679046.95164686,269999999.99999994,47491240.36440085,0.0,1.603452140606639,1.235172140275066,1.6062163260136468,0.3972,Savana
Rabat - Salé - Kénitra,2022,12,16.873118279569894,13.826075268817204,70.48252688172043,56.12824951735192,113.51,0.005950498274842326,0.005950498274842326,9449894.884372812,34932025.22775053,4431674.842326561,0.0,14513458.695935534,562835238.9250174,1041554101.5346886,49074281.70988087,220801681.85003507,278999999.99999994,49074281.70988087,0.0,1.5796380963050611,1.2130798646497913,1.6062163260136468,0.3972,Savana
Rabat - Salé - Kénitra,2023,1,13.599596774193548,10.096505376344087,69.97446236559139,50.549841932401435,24.43,0.005950498274842326,0.005950498274842326,9449894.884372812,34932025.22775053,4431674.842326561,0.0,14513458.695935534,562835238.9250174,1041554101.5346886,49074281.70988087,220801681.85003507,278999999.99999994,49074281.70988087,0.0,1.5190585267677739,1.1888269288711872,1.6062163260136468,0.3972,Savana
Rabat - Salé - Kénitra,2023,2,14.074553571428572,11.642261904761906,68.09970238095238,50.929918344569266,75.1,0.0053746436030833915,0.0053746436030833915,8535388.927820604,31551506.65732306,4002803.0833917325,0.0,13108930.435038548,508367312.577435,940758543.3216542,44325157.67344079,199433777.1548704,251999999.9999999,44325157.67344079,0.0,1.5241120383339302,1.187982645715256,1.6062163260136468,0.39720000000000005,Savana
Rabat - Salé - Kénitra,2023,3,16.39556451612903,10.250403225806451,72.6008064516129,55.67020877134179,2.3600000000000003,0.005950498274842326,0.005950498274842326,9449894.884372812,34932025.22775053,4431674.842326561,0.0,14513458.695935534,562835238.9250174,1041554101.5346886,49074281.70988087,220801681.85003507,278999999.99999994,49074281.70988087,0.0,1.575467736378789,1.2089212489493841,1.6062163260136468,0.3972,Savana
Rabat - Salé - Kénitra,2023,4,19.241805555555555,11.123333333333333,65.725,58.786215517083754,7.0,0.005758546717589348,0.005758546717589348,9145059.565522077,33805185.70427471,4288717.5893482845,0.0,14045282.608969873,544679263.4758232,1007955582.1303438,47491240.36440085,213679046.95164686,269999999.99999994,47491240.36440085,0.0,1.6035656800466906,1.2379469203325821,1.6062163260136468,0.3972,Savana
Rabat - Salé - Kénitra,2023,5,19.619086021505378,11.252956989247313,72.11155913978494,61.00168752489572,42.9,0.005950498274842326,0.005950498274842326,9449894.884372812,34932025.22775053,4431674.842326561,0.0,14513458.695935534,562835238.9250174,1041554101.5346886,49074281.70988087,220801681.85003507,278999999.99999994,49074281.70988087,0.0,1.62430628516912,1.256526763126451,1.6062163260136468,0.3972,Savana
Rabat - Salé - Kénitra,2023,6,23.262916666666666,11.046944444444446,72.44166666666666,67.10336166670764,7.800000000000001,0.005758546717589348,0.005758546717589348,9145059.565522077,33805185.70427471,4288717.5893482845,0.0,14045282.608969873,544679263.4758232,1007955582.1303438,47491240.36440085,213679046.95164686,269999999.99999994,47491240.36440085,0.0,1.664024080971956,1.3546233956442881,1.6062163260136468,0.3972,Savana
Rabat - Salé - Kénitra,2023,7,24.115860215053765,10.078763440860216,72.39381720430107,68.6247817525562,0.0,0.005950498274842326,0.005950498274842326,9449894.884372812,34932025.22775053,4431674.842326561,0.0,14513458.695935534,562835238.9250174,1041554101.5346886,49074281.70988087,220801681.85003507,278999999.99999994,49074281.70988087,0.0,1.6725618895318586,1.382765240381041,1.6062163260136468,0.3972,Savana
Rabat - Salé - Kénitra,2023,8,25.135416666666668,10.644583333333333,68.6875,69.3280196418961,0.0,0.003839031145059565,0.003839031145059565,6096706.377014717,22536790.46951647,2859145.059565523,0.0,9363521.739313249,363119508.9838821,671970388.0868958,31660826.909600563,142452697.96776456,179999999.99999994,31660826.909600563,0.0,1.675812032523397,1.3976503064884591,1.6062163260136468,0.3972,Savana
Souss - Massa,2022,8,24.972916666666666,9.229166666666666,63.111111111111114,67.38538029771979,0.8999999999999999,0.0023034186870357393,0.0023034186870357393,3658023.8262088303,13522074.281709881,1715487.035739314,0.0,5618113.043587949,217871705.3903293,403182232.8521375,18996496.14576034,85471618.78065874,107999999.99999997,18996496.14576034,0.0,1.6660542693709255,1.3586331691329905,1.6062163260136468,0.3972,Savana
Souss - Massa,2022,9,23.01166666666667,9.160555555555556,68.72916666666667,65.79012083472688,10.3,0.005758546717589348,0.005758546717589348,9145059.565522077,33805185.70427471,4288717.5893482845,0.0,14045282.608969873,544679263.4758232,1007955582.1303438,47491240.36440085,213679046.95164686,269999999.99999994,47491240.36440085,0.0,1.6577332127175572,1.327423886038868,1.6062163260136468,0.3972,Savana
Souss - Massa,2022,10,25.129301075268817,9.942204301075268,44.60215053763441,62.155375299090366,1.8,0.005950498274842326,0.005950498274842326,9449894.884372812,34932025.22775053,4431674.842326561,0.0,14513458.695935534,562835238.9250174,1041554101.5346886,49074281.70988087,220801681.85003507,278999999.99999994,49074281.70988087,0.0,1.6306587995342627,1.2781946969304612,1.6062163260136468,0.3972,Savana
Souss - Massa,2022,11,21.074583333333333,8.43,48.958333333333336,57.53978716265943,0.0,0.005758546717589348,0.005758546717589348,9145059.565522077,33805185.70427471,4288717.5893482845,0.0,14045282.608969873,544679263.4758232,1007955582.1303438,47491240.36440085,213679046.95164686,269999999.99999994,47491240.36440085,0.0,1.5931609830360607,1.2240858607091794,1.6062163260136468,0.3972,Savana
Souss - Massa,2022,12,18.12661290322581,9.234005376344086,57.505376344086024,55.07842734748026,53.0,0.005950498274842326,0.005950498274842326,9449894.884372812,34932025.22775053,4431674.842326561,0.0,14513458.695935534,562835238.9250174,1041554101.5346886,49074281.70988087,220801681.85003507,278999999.99999994,49074281.70988087,0.0,1.5696992133785506,1.2045742441628398,1.6062163260136468,0.3972,Savana
Souss - Massa,2023,1,15.648521505376344,9.084274193548387,51.778225806451616,50.08239062908472,0.1,0.005950498274842326,0.005950498274842326,9449894.884372812,34932025.22775053,4431674.842326561,0.0,14513458.695935534,562835238.9250174,1041554101.5346886,49074281.70988087,220801681.85003507,278999999.99999994,49074281.70988087,0.0,1.5138975647038078,1.1870227239442595,1.6062163260136468,0.3972,Savana
Souss - Massa,2023,2,15.891964285714286,14.113541666666666,52.191964285714285,50.42001978494521,67.53,0.0053746436030833915,0.0053746436030833915,8535388.927820604,31551506.65732306,4002803.0833917325,0.0,13108930.435038548,508367312.577435,940758543.3216542,44325157.67344079,199433777.1548704,251999999.9999999,44325157.67344079,0.0,1.518331425341568,1.1864217514219983,1.6062163260136468,0.39720000000000005,Savana
Souss - Massa,2023,3,20.98293010752688,9.01720430107527,52.79032258064516,57.90475591011231,0.0,0.005950498274842326,0.005950498274842326,9449894.884372812,34932025.22775053,4431674.842326561,0.0,14513458.695935534,562835238.9250174,1041554101.5346886,49074281.70988087,220801681.85003507,278999999.99999994,49074281.70988087,0.0,1.5958172242201363,1.2291970715093412,1.6062163260136468,0.3972,Savana
Souss - Massa,2023,4,21.066388888888888,10.694583333333334,56.83888888888889,59.22993180320011,5.1000000000000005,0.005758546717589348,0.005758546717589348,9145059.565522077,33805185.70427471,4288717.5893482845,0.0,14045282.608969873,544679263.4758232,1007955582.1303438,47491240.36440085,213679046.95164686,269999999.99999994,47491240.36440085,0.0,1.6083145985957514,1.2400639294877496,1.6062163260136468,0.3972,Savana
Souss - Massa,2023,5,21.012096774193548,12.24475806451613,63.34139784946237,60.882564149204306,1.5,0.005950498274842326,0.005950498274842326,9449894.884372812,34932025.22775053,4431674.842326561,0.0,14513458.695935534,562835238.9250174,1041554101.5346886,49074281.70988087,220801681.85003507,278999999.99999994,49074281.70988087,0.0,1.6228124485141637,1.2565486317510726,1.6062163260136468,0.3972,Savana
Souss - Massa,2023,6,23.46736111111111,11.18,67.32916666666667,65.89577966794486,7.800000000000001,0.005758546717589348,0.005758546717589348,9145059.565522077,33805185.70427471,4288717.5893482845,0.0,14045282.608969873,544679263.4758232,1007955582.1303438,47491240.36440085,213679046.95164686,269999999.99999994,47491240.36440085,0.0,1.6575926278366226,1.331355970421159,1.6062163260136468,0.3972,Savana
Souss - Massa,2023,7,24.2875,10.067473118279569,64.70698924731182,66.6237712126372,0.0,0.005950498274842326,0.005950498274842326,9449894.884372812,34932025.22775053,4431674.842326561,0.0,14513458.695935534,562835238.9250174,1041554101.5346886,49074281.70988087,220801681.85003507,278999999.99999994,49074281.70988087,0.0,1.662003736348427,1.3439432411157028,1.6062163260136468,0.3972,Savana
Souss - Massa,2023,8,27.47145833333333,10.109791666666666,53.2125,67.71415917020944,0.6000000000000001,0.003839031145059565,0.003839031145059565,6096706.377014717,22536790.46951647,2859145.059565523,0.0,9363521.739313249,363119508.9838821,671970388.0868958,31660826.909600563,142452697.96776456,179999999.99999994,31660826.909600563,0.0,1.6681829790127314,1.3639497379378664,1.6062163260136468,0.3972,Savana
Tanger - Tétouan - Al Hoceima,2022,8,24.716319444444444,10.674652777777778,65.72222222222223,67.82387847682112,3.5,0.0023034186870357393,0.0023034186870357393,3658023.8262088303,13522074.281709881,1715487.035739314,0.0,5618113.043587949,217871705.3903293,403182232.8521375,18996496.14576034,85471618.78065874,107999999.99999997,18996496.14576034,0.0,1.6692028408204287,1.3648895664609786,1.6062163260136468,0.3972,Savana
Tanger - Tétouan - Al Hoceima,2022,9,22.906111111111112,13.22375,68.55694444444444,65.60052856182786,13.700000000000001,0.005758546717589348,0.005758546717589348,9145059.565522077,33805185.70427471,4288717.5893482845,0.0,14045282.608969873,544679263.4758232,1007955582.1303438,47491240.36440085,213679046.95164686,269999999.99999994,47491240.36440085,0.0,1.6564278658328697,1.3245678574568822,1.6062163260136468,0.3972,Savana
Tanger - Tétouan - Al Hoceima,2022,10,22.173521505376343,15.720698924731185,67.88037634408602,64.14526925983915,3.3000000000000003,0.005950498274842326,0.005950498274842326,9449894.884372812,34932025.22775053,4431674.842326561,0.0,14513458.695935534,562835238.9250174,1041554101.5346886,49074281.70988087,220801681.85003507,278999999.99999994,49074281.70988087,0.0,1.6472746058509382,1.3003102140678608,1.6062163260136468,0.3972,Savana
Tanger - Tétouan - Al Hoceima,2022,11,17.957638888888887,11.566805555555556,68.85138888888889,57.54585420282955,57.55,0.005758546717589348,0.005758546717589348,9145059.565522077,33805185.70427471,4288717.5893482845,0.0,14045282.608969873,544679263.4758232,1007955582.1303438,47491240.36440085,213679046.95164686,269999999.99999994,47491240.36440085,0.0,1.5930968025766807,1.2244629234275677,1.6062163260136468,0.3972,Savana
Tanger - Tétouan - Al Hoceima,2022,12,15.931182795698923,15.112096774193548,76.89516129032258,55.87422873423896,207.04,0.005950498274842326,0.005950498274842326,9449894.884372812,34932025.22775053,4431674.842326561,0.0,14513458.695935534,562835238.9250174,1041554101.5346886,49074281.70988087,220801681.85003507,278999999.99999994,49074281.70988087,0.0,1.5780723244935686,1.208759426726418,1.6062163260136468,0.3972,Savana
Tanger - Tétouan - Al Hoceima,2023,1,13.24233870967742,13.89758064516129,72.31854838709677,50.430887640688574,30.1,0.005950498274842326,0.005950498274842326,9449894.884372812,34932025.22775053,4431674.842326561,0.0,14513458.695935534,562835238.9250174,1041554101.5346886,49074281.70988087,220801681.85003507,278999999.99999994,49074281.70988087,0.0,1.5175433695071958,1.1889119680328017,1.6062163260136468,0.3972,Savana
Tanger - Tétouan - Al Hoceima,2023,2,13.466815476190478,22.975892857142856,75.16220238095238,51.314851589829495,49.410000000000004,0.0053746436030833915,0.0053746436030833915,8535388.927820604,31551506.65732306,4002803.0833917325,0.0,13108930.435038548,508367312.577435,940758543.3216542,44325157.67344079,199433777.1548704,251999999.9999999,44325157.67344079,0.0,1.5306640504055973,1.1832614247038107,1.6062163260136468,0.39720000000000005,Savana
Tanger - Tétouan - Al Hoceima,2023,3,15.71518817204301,12.71236559139785,73.93817204301075,54.80320486749076,34.98,0.005950498274842326,0.005950498274842326,9449894.884372812,34932025.22775053,4431674.842326561,0.0,14513458.695935534,562835238.9250174,1041554101.5346886,49074281.70988087,220801681.85003507,278999999.99999994,49074281.70988087,0.0,1.566258374718614,1.2045964068324695,1.6062163260136468,0.3972,Savana
Tanger - Tétouan - Al Hoceima,2023,4,18.727083333333333,17.214861111111112,62.625,57.181623319848605,1.5,0.005758546717589348,0.005758546717589348,9145059.565522077,33805185.70427471,4288717.5893482845,0.0,14045282.608969873,544679263.4758232,1007955582.1303438,47491240.36440085,213679046.95164686,269999999.99999994,47491240.36440085,0.0,1.590448323336374,1.2193555973691454,1.6062163260136468,0.3972,Savana
Tanger - Tétouan - Al Hoceima,2023,5,19.63736559139785,11.93225806451613,67.9274193548387,59.911405487759716,58.15,0.005950498274842326,0.005950498274842326,9449894.884372812,34932025.22775053,4431674.842326561,0.0,14513458.695935534,562835238.9250174,1041554101.5346886,49074281.70988087,220801681.85003507,278999999.99999994,49074281.70988087,0.0,1.6157211526290447,1.2430105945143193,1.6062163260136468,0.3972,Savana
Tanger - Tétouan - Al Hoceima,2023,6,23.325416666666666,15.995555555555555,66.79166666666667,65.62561349438772,28.65,0.005758546717589348,0.005758546717589348,9145059.565522077,33805185.70427471,4288717.5893482845,0.0,14045282.608969873,544679263.4758232,1007955582.1303438,47491240.36440085,213679046.95164686,269999999.99999994,47491240.36440085,0.0,1.6566831608861214,1.3247230730638189,1.6062163260136468,0.3972,Savana
Tanger - Tétouan - Al Hoceima,2023,7,25.406989247311827,12.176344086021507,60.564516129032256,67.45514467954736,0.0,0.005950498274842326,0.005950498274842326,9449894.884372812,34932025.22775053,4431674.842326561,0.0,14513458.695935534,562835238.9250174,1041554101.5346886,49074281.70988087,220801681.85003507,278999999.99999994,49074281.70988087,0.0,1.6669653363985164,1.3585227474488741,1.6062163260136468,0.3972,Savana
Tanger - Tétouan - Al Hoceima,2023,8,25.852708333333332,15.441041666666667,59.66458333333333,67.88673338264898,0.0,0.003839031145059565,0.003839031145059565,6096706.377014717,22536790.46951647,2859145.059565523,0.0,9363521.739313249,363119508.9838821,671970388.0868958,31660826.909600563,142452697.96776456,179999999.99999994,31660826.909600563,0.0,1.6694557171079851,1.366321412130923,1.6062163260136468,0.3972,Savana
